hour,avg_gas_used,total_value,txn_count
2015-08-10 18:00:00,122207.0,0.0,1
2015-08-10 19:00:00,122207.0,0.0,1
2015-08-11 10:00:00,36733.0,0.0,2
2015-08-11 11:00:00,36733.0,0.0,2
2015-08-11 16:00:00,96472.5,0.0,2
2015-08-11 17:00:00,36733.0,0.0,2
2015-08-12 11:00:00,21000.0,2.0,2
2015-08-12 13:00:00,93609.0,0.0,3
2015-08-12 22:00:00,21000.0,1.0,1
2015-08-13 12:00:00,25153.0,0.0,1
2015-08-13 13:00:00,36605.0,0.0,1
2015-08-13 14:00:00,36669.0,0.0,1
2015-08-13 15:00:00,36669.0,0.0,1
2015-08-13 16:00:00,70842.42857142857,0.0,7
2015-08-13 21:00:00,36669.0,0.0,1
2015-08-13 22:00:00,52606.0,0.0,1
2015-08-14 08:00:00,122143.0,0.0,1
2015-08-15 09:00:00,176066.0,0.0,2
2015-08-15 10:00:00,35857.0,0.0,3
2015-08-15 19:00:00,90000.0,0.0,1
2015-08-15 20:00:00,48317.0,0.0,1
2015-08-15 21:00:00,79470.0,0.0,2
2015-08-16 10:00:00,36733.0,0.0,1
2015-08-16 11:00:00,113098.66666666667,0.0,3
2015-08-16 14:00:00,122207.0,0.0,1
2015-08-17 12:00:00,180949.0,0.0,1
2015-08-17 13:00:00,170903.0,0.0,2
2015-08-17 14:00:00,88187.25,0.0,4
2015-08-17 15:00:00,35857.0,0.0,1
2015-08-17 16:00:00,48317.0,0.0,1
2015-08-28 15:00:00,180885.0,0.0,1
2015-08-28 16:00:00,35857.0,0.0,1
2015-08-31 11:00:00,23617.0,0.0,1
2015-09-01 12:00:00,35837.0,0.0,2
2015-09-14 19:00:00,84178.33333333333,0.0,3
2015-09-15 09:00:00,35817.0,0.0,1
2015-10-01 09:00:00,180885.0,0.0,1
2015-10-02 10:00:00,35857.0,0.0,1
2015-10-03 10:00:00,35857.0,0.0,1
2015-10-04 02:00:00,35817.0,0.0,1
2015-10-29 15:00:00,117332.0,0.0,2
2015-10-29 20:00:00,35793.0,0.0,1
2015-10-29 21:00:00,35793.0,0.0,1
2015-10-29 22:00:00,35785.0,0.0,1
2015-11-06 23:00:00,109832.0,0.0,2
2015-11-07 00:00:00,79682.0,0.0,2
2015-11-07 21:00:00,35857.0,0.0,1
2015-11-07 23:00:00,35817.0,0.0,1
2015-11-09 21:00:00,165885.0,0.0,1
2015-11-09 22:00:00,35843.666666666664,0.0,3
2015-11-16 12:00:00,117332.0,0.0,2
2015-11-16 18:00:00,35857.0,0.0,1
2015-11-16 21:00:00,35857.0,0.0,1
2015-11-17 00:00:00,35817.0,0.0,1
2015-11-18 07:00:00,165885.0,0.0,1
2015-11-18 08:00:00,35857.0,0.0,2
2015-11-18 11:00:00,35817.0,0.0,1
2015-11-24 15:00:00,180821.0,0.0,1
2015-11-24 19:00:00,35857.0,0.0,1
2015-11-24 22:00:00,35857.0,0.0,1
2015-11-27 12:00:00,35817.0,0.0,1
2015-12-13 20:00:00,180885.0,0.0,1
2015-12-14 18:00:00,35857.0,0.0,1
2015-12-14 20:00:00,35857.0,0.0,1
2015-12-14 22:00:00,35817.0,0.0,1
2015-12-23 14:00:00,22444.0,5.01e+19,2
2016-01-05 21:00:00,180885.0,0.0,1
2016-01-06 11:00:00,35857.0,0.0,2
2016-01-06 13:00:00,35817.0,0.0,1
2016-01-16 08:00:00,180885.0,0.0,1
2016-01-16 13:00:00,35857.0,0.0,2
2016-01-18 07:00:00,35817.0,0.0,1
2016-01-31 12:00:00,22444.0,5e+19,1
2016-02-08 22:00:00,22444.0,1e+19,1
2016-02-10 14:00:00,180885.0,0.0,1
2016-02-10 17:00:00,35857.0,0.0,1
2016-02-10 19:00:00,35857.0,0.0,1
2016-02-10 22:00:00,35817.0,0.0,1
2016-02-16 21:00:00,21481.333333333332,3e+17,3
2016-02-20 16:00:00,23862.222222222223,0.0,9
2016-02-20 17:00:00,22444.0,5e+16,1
2016-03-17 13:00:00,180885.0,0.0,1
2016-03-18 16:00:00,35857.0,0.0,1
2016-03-18 17:00:00,35857.0,0.0,1
2016-03-20 16:00:00,35817.0,0.0,1
2016-04-07 18:00:00,22444.0,3.151929e+16,1
2016-05-06 23:00:00,117332.0,0.0,2
2016-05-07 10:00:00,35793.0,0.0,1
2016-05-07 14:00:00,35793.0,0.0,1
2016-05-09 14:00:00,60420.666666666664,0.0,3
2016-05-10 15:00:00,165885.0,0.0,1
2016-05-10 22:00:00,35857.0,0.0,1
2016-05-11 11:00:00,35857.0,0.0,1
2016-05-25 08:00:00,35817.0,0.0,1
2016-06-02 08:00:00,180885.0,0.0,1
2016-06-05 22:00:00,35857.0,0.0,1
2016-06-06 10:00:00,35857.0,0.0,1
2016-06-12 15:00:00,35817.0,0.0,1
2016-07-12 03:00:00,21000.0,1.2390161e+20,2
2016-07-18 18:00:00,21000.0,2.437202e+19,1
2016-07-21 05:00:00,21000.0,3.222427e+19,1
2016-07-26 10:00:00,21000.0,2.995847e+19,1
2016-07-27 00:00:00,64214.0,0.0,2
2016-07-27 11:00:00,21000.0,3.025406e+19,1
2016-07-28 02:00:00,21000.0,2.120786e+19,1
2016-07-28 03:00:00,21000.0,3.123805e+19,1
2016-07-28 06:00:00,21000.0,3.147335e+19,1
2016-07-28 17:00:00,21000.0,7.108445e+19,1
2016-07-29 05:00:00,21000.0,7.080082e+19,1
2016-07-29 10:00:00,21000.0,3.144768e+19,1
2016-07-29 20:00:00,21000.0,3.126347e+19,1
2016-07-30 09:00:00,21000.0,7.085022e+19,1
2016-07-30 16:00:00,21000.0,3.152787e+19,1
2016-07-30 17:00:00,21000.0,3.139393e+19,1
2016-07-31 13:00:00,21000.0,3.247635e+19,1
2016-07-31 17:00:00,21000.0,3.387089e+19,1
2016-07-31 21:00:00,21000.0,3.385121e+19,1
2016-08-01 01:00:00,21000.0,3.315103e+19,1
2016-08-01 07:00:00,21000.0,7.643222e+19,1
2016-08-01 10:00:00,21000.0,3.446665189e+19,1
2016-08-01 13:00:00,61705.0,0.0,1
2016-08-01 14:00:00,150805.5,0.0,2
2016-08-01 15:00:00,21000.0,3.444489e+19,1
2016-08-01 16:00:00,21000.0,3.435397e+19,1
2016-08-02 11:00:00,61705.0,0.0,1
2016-08-02 12:00:00,249824.0,0.0,1
2016-08-02 15:00:00,35857.0,0.0,1
2016-08-02 20:00:00,35857.0,0.0,1
2016-08-03 03:00:00,121331.0,0.0,1
2016-08-03 13:00:00,48624.0,0.0,1
2016-08-03 14:00:00,121331.0,0.0,1
2016-08-03 15:00:00,35857.0,0.0,1
2016-08-03 22:00:00,165885.0,0.0,1
2016-08-03 23:00:00,60487.333333333336,0.0,3
2016-08-04 11:00:00,35857.0,0.0,1
2016-08-04 13:00:00,35671.0,0.0,1
2016-08-04 20:00:00,35857.0,0.0,1
2016-08-05 05:00:00,30065.5,0.0,2
2016-08-05 11:00:00,175830.0,0.0,2
2016-08-06 15:00:00,24274.0,0.0,2
2016-08-06 22:00:00,121331.0,0.0,2
2016-08-06 23:00:00,35857.0,0.0,2
2016-08-07 21:00:00,21000.0,9.164953e+19,1
2016-08-07 22:00:00,30065.5,0.0,4
2016-08-08 19:00:00,21000.0,1.0855345e+20,1
2016-08-10 12:00:00,181013.0,0.0,1
2016-08-11 09:00:00,105665.5,0.0,2
2016-08-11 21:00:00,72802.5,0.0,2
2016-08-12 12:00:00,35857.0,0.0,1
2016-08-12 17:00:00,35857.0,0.0,1
2016-08-12 23:00:00,21000.0,3.38693e+19,1
2016-08-16 16:00:00,21000.0,3.584707e+19,1
2016-08-16 23:00:00,21000.0,3.573864e+19,1
2016-08-18 13:00:00,21000.0,1.0947354e+20,1
2016-08-20 19:00:00,22444.0,1.35979451396e+21,30
2016-08-31 06:00:00,22444.0,3.139385624e+19,1
2016-09-05 08:00:00,180885.0,0.0,1
2016-11-01 02:00:00,22444.0,1.49540775e+18,1
2016-11-23 10:00:00,22484.0,1e+17,1
2016-11-25 10:00:00,21753.0,0.0,14
2016-11-26 07:00:00,21549.0,0.0,1
2016-11-27 06:00:00,33653.0,0.0,7
2016-12-08 18:00:00,150000.0,0.0,1
2016-12-18 20:00:00,122841.0,0.0,1
2016-12-19 13:00:00,36917.0,0.0,1
2017-01-03 17:00:00,123717.0,0.0,1
2017-01-05 10:00:00,37793.0,0.0,1
2017-01-07 16:00:00,37793.0,0.0,1
2017-01-10 06:00:00,880928.0,0.0,2
2017-01-10 07:00:00,662428.0,0.0,1
2017-01-12 18:00:00,123717.0,0.0,1
2017-01-12 21:00:00,37793.0,0.0,1
2017-01-16 09:00:00,37793.0,0.0,1
2017-01-25 09:00:00,54093.0,0.0,1
2017-01-25 10:00:00,183921.0,0.0,1
2017-01-25 16:00:00,32692.333333333332,0.0,3
2017-01-25 18:00:00,37432.0,0.0,1
2017-01-30 08:00:00,73068.5,1.0,2
2017-01-30 09:00:00,31393.5,0.0,2
2017-01-30 15:00:00,37729.0,0.0,1
2017-01-31 11:00:00,64989.0,0.0,1
2017-01-31 18:00:00,106826.5,0.0,2
2017-03-09 11:00:00,22484.0,2.18e+20,1
2017-03-13 05:00:00,183921.0,0.0,1
2017-03-13 11:00:00,36917.0,0.0,1
2017-03-13 14:00:00,26377.0,0.0,1
2017-03-13 16:00:00,36917.0,0.0,1
2017-03-14 06:00:00,37432.0,0.0,1
2017-03-16 04:00:00,183985.0,0.0,1
2017-03-16 09:00:00,36917.0,0.0,1
2017-03-16 15:00:00,36917.0,0.0,1
2017-03-17 05:00:00,37432.0,0.0,1
2017-03-19 02:00:00,183985.0,0.0,1
2017-03-20 15:00:00,36917.0,0.0,1
2017-03-21 00:00:00,36917.0,0.0,1
2017-03-22 11:00:00,37432.0,0.0,1
2017-04-01 00:00:00,183985.0,0.0,1
2017-04-01 01:00:00,36917.0,0.0,1
2017-04-01 03:00:00,36917.0,0.0,1
2017-04-01 08:00:00,37432.0,0.0,1
2017-04-05 05:00:00,183985.0,0.0,1
2017-04-05 07:00:00,36917.0,0.0,1
2017-04-05 12:00:00,23657.0,0.0,1
2017-04-05 13:00:00,36917.0,0.0,1
2017-04-05 14:00:00,37432.0,0.0,1
2017-04-12 21:00:00,22484.0,5e+16,1
2017-05-05 06:00:00,183985.0,0.0,1
2017-05-05 13:00:00,83544.66666666667,0.0,3
2017-05-05 20:00:00,36917.0,0.0,1
2017-05-05 22:00:00,37174.5,0.0,2
2017-05-06 13:00:00,122841.0,0.0,1
2017-05-19 03:00:00,22484.0,1000000000000000.0,1
2017-05-19 05:00:00,183985.0,0.0,1
2017-05-19 06:00:00,36917.0,0.0,1
2017-05-19 11:00:00,36917.0,0.0,1
2017-05-20 02:00:00,37432.0,0.0,1
2017-06-07 15:00:00,22484.0,900000000000000.0,1
2017-06-13 07:00:00,22484.0,2.32487446e+18,1
2017-06-14 08:00:00,178962.0,0.0,2
2017-06-14 14:00:00,36917.0,0.0,1
2017-06-14 15:00:00,31647.0,0.0,2
2017-06-17 08:00:00,37432.0,0.0,1
2017-06-24 09:00:00,48905.0,0.0,3
2017-06-25 11:00:00,41511.666666666664,0.0,3
2017-06-26 04:00:00,51031.0,0.0,1
2017-06-29 05:00:00,51031.0,0.0,1
2017-07-04 06:00:00,22484.0,1000000000000000.0,1
2017-07-12 19:00:00,51031.0,0.0,1
2017-07-13 12:00:00,23759.0,0.0,1
2017-07-14 02:00:00,112453.0,0.0,2
2017-07-16 00:00:00,51031.0,0.0,1
2017-07-18 08:00:00,22484.0,1e+17,1
2017-07-18 21:00:00,51031.0,0.0,1
2017-07-22 21:00:00,51031.0,0.0,1
2017-07-24 21:00:00,51031.0,0.0,1
2017-07-26 02:00:00,51031.0,0.0,1
2017-07-28 23:00:00,22484.0,1000000000000000.0,1
2017-08-03 00:00:00,22484.0,2.375e+19,1
2017-08-14 18:00:00,22484.0,10000000000.0,1
2017-08-16 08:00:00,51031.0,0.0,1
2017-08-20 06:00:00,22484.0,1.2743581564e+17,1
2017-08-31 21:00:00,22484.0,1000000000000.0,1
2017-09-04 14:00:00,51031.0,0.0,1
2017-09-12 07:00:00,24051.25,0.0,4
2017-09-12 15:00:00,22484.0,1000000000000000.0,1
2017-09-12 16:00:00,22484.0,1000000000000000.0,1
2017-09-15 07:00:00,24377.0,0.0,1
2017-10-02 15:00:00,23663.333333333332,0.0,3
2017-10-02 21:00:00,24249.0,0.0,1
2017-10-11 05:00:00,51031.0,0.0,1
2017-10-13 12:00:00,22484.0,1000000000000000.0,1
2017-10-15 02:00:00,51031.0,0.0,1
2017-10-17 21:00:00,22484.0,1000000000000000.0,1
2017-10-20 18:00:00,22484.0,2500000000000000.0,2
2017-10-25 16:00:00,51031.0,0.0,1
2017-10-30 12:00:00,23668.0,0.0,1
2017-11-21 16:00:00,24128.8,2000000000000000.0,5
2017-11-28 18:00:00,22484.0,21144688877048.0,1
2017-12-02 22:00:00,22484.0,8.670170411472203e+16,1
2017-12-09 08:00:00,23502.4,0.0,5
2017-12-10 17:00:00,23197.0,0.0,1
2017-12-17 01:00:00,22484.0,6.435e+21,1
2017-12-18 06:00:00,22484.0,3.4603186e+17,1
2017-12-21 03:00:00,22484.0,1241170000000000.0,1
2017-12-22 03:00:00,169125.0,0.0,1
2017-12-22 10:00:00,24243.0,0.0,1
2017-12-22 20:00:00,36917.0,0.0,1
2017-12-29 22:00:00,22484.0,4863970000000000.0,1
2018-01-02 10:00:00,22939.5,0.0,2
2018-01-05 06:00:00,22841.0,0.0,1
2018-01-05 08:00:00,36917.0,0.0,1
2018-01-06 02:00:00,37432.0,0.0,1
2018-01-16 18:00:00,24156.0,0.0,1
2018-01-17 05:00:00,23483.5,0.0,2
2018-01-17 06:00:00,24615.5,0.0,2
2018-01-18 20:00:00,22812.0,0.0,1
2018-01-22 17:00:00,65967.0,0.0,1
2018-01-25 14:00:00,51031.0,0.0,1
2018-01-26 19:00:00,33071.666666666664,0.0,3
2018-02-04 13:00:00,22484.0,2972590000000000.0,1
2018-02-06 04:00:00,22484.0,1.00100001001001e+16,1
2018-02-07 09:00:00,51031.0,0.0,1
2018-02-14 20:00:00,22484.0,1.0,1
2018-02-20 08:00:00,21753.0,0.0,1
2018-03-03 07:00:00,22484.0,1148570000000000.0,1
2018-03-31 22:00:00,33839.0,10000000000000.0,1
2018-04-23 13:00:00,51095.0,0.0,1
2018-05-22 20:00:00,22484.0,9000000000000000.0,1
2018-06-07 04:00:00,51031.0,0.0,1
2018-06-11 11:00:00,51031.0,0.0,1
2018-06-21 18:00:00,23261.0,0.0,1
2018-06-24 16:00:00,51031.0,0.0,1
2018-06-29 02:00:00,22484.0,2e+18,1
2018-07-02 16:00:00,51031.0,0.0,1
2018-07-06 12:00:00,50186.75,0.0,4
2018-07-11 20:00:00,46008.0,0.0,2
2018-07-18 22:00:00,21753.0,0.0,1
2018-07-21 09:00:00,21074.0,0.0,1
2018-07-24 13:00:00,51095.0,0.0,1
2018-07-28 15:00:00,21074.0,0.0,1
2018-08-27 18:00:00,58540.0,0.0,2
2018-08-31 10:00:00,51031.0,0.0,1
2018-09-08 00:00:00,50967.0,0.0,1
2018-09-15 06:00:00,51031.0,0.0,1
2018-09-19 21:00:00,22484.0,1878810000000000.0,1
2018-09-22 15:00:00,22484.0,1.1e+16,2
2018-09-23 06:00:00,22484.0,1e+16,1
2018-09-24 07:00:00,22484.0,1e+16,1
2018-09-24 20:00:00,51031.0,0.0,1
2018-10-05 12:00:00,23492.0,0.0,1
2018-10-22 17:00:00,50967.0,0.0,1
2018-10-30 07:00:00,51584.0,0.0,1
2018-11-05 05:00:00,23261.0,0.0,1
2018-11-14 00:00:00,24092.5,0.0,2
2018-11-17 13:00:00,21074.0,0.0,1
2018-11-23 11:00:00,37721.5,0.0,2
2018-12-01 09:00:00,51031.0,0.0,1
2018-12-18 04:00:00,22484.0,8498930000000000.0,1
2018-12-19 13:00:00,45976.0,0.0,2
2018-12-20 18:00:00,50967.0,0.0,1
2018-12-23 11:00:00,51031.0,0.0,1
2019-01-03 16:00:00,51031.0,0.0,1
2019-01-07 06:00:00,22484.0,3971910000000000.0,1
2019-01-18 02:00:00,51031.0,0.0,1
2019-01-18 06:00:00,22484.0,1234500000000000.0,1
2019-01-21 10:00:00,24028.0,0.0,1
2019-01-24 03:00:00,51031.0,0.0,1
2019-01-26 16:00:00,22484.0,5000000000000000.0,1
2019-01-28 15:00:00,22484.0,3366630000000000.0,1
2019-02-07 04:00:00,21074.0,0.0,1
2019-02-16 02:00:00,51031.0,0.0,1
2019-02-17 19:00:00,22484.0,1e+17,1
2019-02-18 19:00:00,22484.0,3500000000000000.0,1
2019-02-18 22:00:00,22484.0,4733400000000000.0,1
2019-02-19 02:00:00,22484.0,1000000000000000.0,1
2019-02-19 09:00:00,22484.0,6000000000000000.0,1
2019-02-20 12:00:00,22484.0,3e+16,1
2019-02-20 13:00:00,22484.0,2000000000000000.0,1
2019-02-20 19:00:00,21000.0,100000000000000.0,1
2019-02-22 07:00:00,51031.0,0.0,1
2019-02-25 23:00:00,46008.0,0.0,2
2019-03-02 06:00:00,45976.0,0.0,2
2019-03-12 03:00:00,22484.0,1.29092e+16,1
2019-03-14 19:00:00,22484.0,4902020000000000.0,1
2019-03-18 11:00:00,46040.0,0.0,2
2019-03-22 16:00:00,21074.0,0.0,1
2019-04-09 18:00:00,22484.0,1231480000000000.0,1
2019-04-18 06:00:00,89004.75,0.0,4
2019-04-26 04:00:00,24243.0,0.0,1
2019-04-26 16:00:00,36917.0,0.0,1
2019-05-07 13:00:00,51031.0,0.0,1
2019-05-07 21:00:00,36917.0,0.0,1
2019-05-16 07:00:00,22118.5,1e+17,2
2019-05-19 12:00:00,45816.0,0.0,2
2019-05-20 13:00:00,50775.0,0.0,1
2019-05-29 12:00:00,51031.0,0.0,1
2019-06-03 06:00:00,37432.0,0.0,1
2019-06-17 13:00:00,34792.0,0.0,4
2019-06-21 11:00:00,22484.0,5.106044e+16,1
2019-06-24 11:00:00,22484.0,9.8584605e+17,1
2019-06-26 10:00:00,51031.0,0.0,1
2019-06-26 11:00:00,173939.0,0.0,1
2019-06-26 13:00:00,63426.5,0.0,2
2019-07-05 13:00:00,22484.0,3.50412e+17,1
2019-07-20 12:00:00,50967.0,0.0,1
2019-08-13 03:00:00,23818.4,5000000000000.0,5
2019-08-15 16:00:00,22484.0,1973870000000000.0,1
2019-08-19 09:00:00,46008.0,0.0,2
2019-08-21 15:00:00,21074.0,10000000000000.0,1
2019-08-22 22:00:00,23764.333333333332,0.0,3
2019-08-23 09:00:00,51031.0,0.0,1
2019-08-26 12:00:00,23161.0,0.0,4
2019-08-28 18:00:00,122841.0,0.0,1
2019-08-29 07:00:00,51031.0,0.0,1
2019-08-30 10:00:00,50967.0,0.0,1
2019-08-30 12:00:00,21000.0,100000000000.0,1
2019-09-01 09:00:00,50967.0,0.0,1
2019-09-02 09:00:00,22484.0,10000000000000.0,1
2019-09-03 14:00:00,22484.0,1079580000000000.0,1
2019-09-13 13:00:00,46008.0,0.0,2
2019-09-29 00:00:00,44355.0,0.0,3
2019-10-01 23:00:00,22484.0,1.239476731193932e+17,1
2019-10-18 08:00:00,51031.0,0.0,1
2019-10-26 04:00:00,51031.0,0.0,1
2019-10-30 23:00:00,22484.0,1672230000000000.0,1
2019-11-21 14:00:00,51031.0,0.0,1
2019-11-25 12:00:00,44355.0,0.0,3
2019-11-27 08:00:00,22484.0,1e+16,1
2019-12-04 12:00:00,25122.0,0.0,1
2019-12-05 09:00:00,23475.0,0.0,1
2019-12-09 12:00:00,22053.0,0.0,4
2019-12-10 12:00:00,22065.0,0.0,1
2019-12-10 18:00:00,22053.0,0.0,1
2019-12-12 05:00:00,22925.0,0.0,1
2019-12-12 06:00:00,53183.0,0.0,2
2019-12-13 09:00:00,22053.0,0.0,1
2019-12-13 10:00:00,22053.0,0.0,5
2019-12-16 16:00:00,22844.0,0.0,1
2019-12-16 20:00:00,22827.0,0.0,1
2019-12-16 21:00:00,23004.0,0.0,2
2019-12-17 01:00:00,23836.0,0.0,1
2019-12-23 00:00:00,23872.0,0.0,1
2019-12-23 05:00:00,84216.0,0.0,1
2019-12-23 07:00:00,22844.0,0.0,1
2019-12-29 00:00:00,23020.0,0.0,1
2020-01-14 02:00:00,22053.0,0.0,1
2020-01-16 09:00:00,22053.0,0.0,1
2020-01-17 02:00:00,21000.0,1000000.0,1
2020-01-29 13:00:00,40483.833333333336,0.0,12
2020-02-01 02:00:00,44105.6,0.0,10
2020-02-16 00:00:00,22844.0,0.0,1
2020-02-16 01:00:00,22635.0,0.0,1
2020-02-16 13:00:00,22484.0,4059461518564873.0,1
2020-02-20 18:00:00,71788.91666666667,0.0,12
2020-02-26 17:00:00,44105.6,0.0,10
2020-03-10 20:00:00,22986.2,0.0,5
2020-03-19 12:00:00,45167.0,0.0,1
2020-03-23 13:00:00,45167.0,0.0,1
2020-04-06 15:00:00,45167.0,0.0,1
2020-04-07 20:00:00,45167.0,0.0,1
2020-04-08 03:00:00,23275.0,1000000000000.0,1
2020-04-13 16:00:00,45167.0,0.0,1
2020-04-17 20:00:00,45155.0,0.0,1
2020-04-24 15:00:00,22484.0,1e+19,1
2020-04-30 08:00:00,23275.0,1000000000000.0,1
2020-05-12 11:00:00,45167.0,0.0,1
2020-05-14 12:00:00,45167.0,0.0,1
2020-05-20 17:00:00,22433.0,0.0,1
2020-06-08 14:00:00,45167.0,55.0,1
2020-06-11 16:00:00,46426.0,0.0,2
2020-06-15 11:00:00,46426.0,0.0,2
2020-06-19 12:00:00,45155.0,0.0,1
2020-06-24 12:00:00,45155.0,0.0,1
2020-07-05 19:00:00,22484.0,2466288241441436.0,1
2020-07-07 21:00:00,45155.0,0.0,1
2020-07-09 13:00:00,45167.0,0.0,1
2020-07-13 18:00:00,38427.0,10000000000000.0,1
2020-07-17 11:00:00,23275.0,1000000000000.0,1
2020-07-17 15:00:00,45155.0,0.0,1
2020-07-19 14:00:00,45155.0,0.0,1
2020-07-30 19:00:00,22041.0,0.0,1
2020-08-10 05:00:00,45167.0,0.0,1
2020-08-13 02:00:00,22484.0,1e+17,1
2020-08-13 14:00:00,22484.0,1e+16,1
2020-08-18 10:00:00,45155.0,0.0,1
2020-08-19 09:00:00,45155.0,0.0,1
2020-08-20 03:00:00,23020.0,0.0,2
2020-08-21 04:00:00,45155.0,0.0,1
2020-09-16 11:00:00,49367.0,0.0,1
2020-09-21 12:00:00,49355.0,0.0,1
2020-09-23 08:00:00,45155.0,0.0,1
2020-09-24 09:00:00,45155.0,0.0,1
2020-10-05 14:00:00,45155.0,0.0,1
2020-10-13 13:00:00,45155.0,0.0,1
2020-10-14 03:00:00,45167.0,0.0,1
2020-10-14 15:00:00,23274.0,0.0,3
2020-10-15 01:00:00,23061.5,0.0,2
2020-10-23 17:00:00,22484.0,1579700000000000.0,1
2020-10-23 18:00:00,22484.0,9.95e+17,1
2020-10-24 00:00:00,22484.0,1.48901765e+18,2
2020-10-24 03:00:00,22484.0,2.41990126e+18,1
2020-10-24 10:00:00,22844.0,0.0,1
2020-11-12 22:00:00,22683.5,0.0,2
2020-11-12 23:00:00,22820.0,0.0,1
2020-11-13 03:00:00,46420.0,0.0,2
2020-11-14 06:00:00,45155.0,0.0,1
2020-11-15 06:00:00,45155.0,0.0,1
2020-11-24 00:00:00,49367.0,0.0,1
2020-11-28 07:00:00,22041.0,0.0,1
2020-12-10 15:00:00,49355.0,0.0,1
2020-12-11 23:00:00,165469.0,0.0,1
2020-12-15 10:00:00,38645.0,0.0,1
2020-12-15 19:00:00,38645.0,0.0,1
2020-12-17 13:00:00,64367.0,0.0,1
2020-12-17 16:00:00,38896.0,0.0,1
2020-12-18 21:00:00,23213.0,0.0,3
2020-12-21 06:00:00,49367.0,0.0,1
2020-12-23 13:00:00,45155.0,0.0,1
2021-01-08 21:00:00,22484.0,13107115171.0,1
2021-01-08 22:00:00,22484.0,186867157803.0,1
2021-01-14 10:00:00,45155.0,0.0,1
2021-01-25 09:00:00,118429.0,0.0,1
2021-01-31 03:00:00,22484.0,759360000000000.0,1
2021-02-06 03:00:00,49367.0,0.0,1
2021-02-16 03:00:00,22484.0,1.95e+18,1
2021-02-16 15:00:00,38645.0,0.0,1
2021-02-20 02:00:00,21545.0,0.0,1
2021-02-23 12:00:00,38645.0,0.0,1
2021-02-25 21:00:00,23434.0,0.0,1
2021-02-25 22:00:00,23020.0,0.0,1
2021-02-27 00:00:00,220031.0,0.0,1
2021-03-01 20:00:00,49355.0,0.0,1
2021-03-02 00:00:00,49343.0,0.0,1
2021-03-03 15:00:00,161269.0,0.0,1
2021-03-05 03:00:00,38645.0,0.0,1
2021-03-10 17:00:00,38645.0,0.0,1
2021-03-12 08:00:00,36796.0,0.0,1
2021-03-16 07:00:00,21545.0,0.0,1
2021-03-16 13:00:00,21545.0,0.0,1
2021-03-16 17:00:00,21545.0,0.0,1
2021-03-17 08:00:00,21545.0,0.0,1
2021-03-27 22:00:00,22484.0,5312090000000000.0,1
2021-03-30 12:00:00,23434.0,0.0,1
2021-03-31 01:00:00,23524.0,0.0,1
2021-04-07 12:00:00,22484.0,5.8935096e+17,1
2021-04-09 11:00:00,22484.0,1.502289e+16,1
2021-04-13 14:00:00,64367.0,0.0,1
2021-04-27 20:00:00,122929.0,0.0,1
2021-05-07 13:00:00,36245.0,0.0,1
2021-05-09 00:00:00,170981.0,0.0,1
2021-05-13 00:00:00,36245.0,0.0,1
2021-05-13 12:00:00,71585.0,0.0,1
2021-05-16 13:00:00,36245.0,0.0,1
2021-05-17 07:00:00,36996.0,0.0,1
2021-05-21 19:00:00,51685.0,0.0,1
2021-06-01 02:00:00,22113.0,0.0,1
2021-06-11 18:00:00,24734.0,0.0,1
2021-06-17 07:00:00,23901.0,0.0,1
2021-06-23 10:00:00,36705.0,0.0,1
2021-06-23 14:00:00,24144.0,0.0,1
2021-06-26 12:00:00,24302.0,0.0,3
2021-07-01 10:00:00,24035.0,0.0,3
2021-07-05 14:00:00,54485.0,0.0,1
2021-07-06 23:00:00,54485.0,0.0,1
2021-08-04 10:00:00,24144.0,0.0,1
2021-08-05 10:00:00,49579.0,0.0,1
2021-08-06 10:00:00,54485.0,0.0,1
2021-08-18 14:00:00,24144.0,0.0,1
2021-08-22 18:00:00,81209.0,0.0,1
2021-08-28 07:00:00,51685.0,0.0,1
2021-08-31 02:00:00,52912.0,0.0,2
2021-09-06 07:00:00,22484.0,1.4e+16,1
2021-09-11 09:00:00,22484.0,1e+16,1
2021-09-14 13:00:00,51685.0,0.0,1
2021-09-15 13:00:00,51685.0,0.0,1
2021-09-17 04:00:00,51685.0,0.0,1
2021-09-19 08:00:00,51685.0,0.0,1
2021-09-20 08:00:00,123398.0,0.0,2
2021-09-22 08:00:00,51685.0,0.0,1
2021-09-25 11:00:00,51685.0,0.0,1
2021-09-27 13:00:00,51685.0,0.0,1
2021-09-29 01:00:00,51685.0,0.0,1
2021-10-02 07:00:00,52912.0,0.0,2
2021-10-03 05:00:00,51685.0,0.0,1
2021-10-05 13:00:00,51685.0,0.0,1
2021-10-08 15:00:00,51685.0,0.0,1
2021-10-09 09:00:00,51685.0,0.0,1
2021-10-10 13:00:00,51685.0,0.0,1
2021-10-11 06:00:00,51685.0,0.0,1
2021-10-13 10:00:00,51685.0,0.0,1
2021-10-13 15:00:00,180023.0,0.0,1
2021-10-13 16:00:00,24320.0,0.0,1
2021-10-15 12:00:00,51685.0,0.0,1
2021-10-17 02:00:00,51685.0,0.0,1
2021-11-03 19:00:00,36233.0,0.0,1
2021-11-09 20:00:00,36233.0,0.0,1
2021-11-11 14:00:00,59184.0,0.0,1
2021-11-26 00:00:00,54485.0,0.0,1
2021-12-01 12:00:00,54485.0,0.0,1
2021-12-15 02:00:00,48702.0,0.0,3
2021-12-19 18:00:00,21993.0,0.0,19
2021-12-25 17:00:00,54761.0,0.0,2
2022-01-04 15:00:00,23017.0,0.0,25
2022-01-07 21:00:00,54485.0,0.0,1
2022-01-12 00:00:00,22425.0,0.0,1
2022-01-12 01:00:00,22425.0,0.0,1
2022-01-28 03:00:00,23990.0,0.0,3
2022-02-01 05:00:00,24578.0,0.0,2
2022-02-14 14:00:00,54485.0,0.0,1
2022-02-15 12:00:00,122905.0,0.0,1
2022-02-17 11:00:00,22484.0,1e+16,1
2022-03-01 03:00:00,36245.0,0.0,1
2022-03-01 15:00:00,36245.0,0.0,1
2022-03-17 13:00:00,54485.0,0.0,1
2022-03-17 17:00:00,102856.0,0.0,1
2022-03-21 03:00:00,22484.0,1.4569122226398046e+16,1
2022-03-26 15:00:00,22484.0,3000000000000000.0,1
2022-04-04 08:00:00,54485.0,0.0,1
2022-04-08 05:00:00,24003.666666666668,0.0,3
2022-04-12 09:00:00,23913.0,0.0,1
2022-04-19 16:00:00,23017.0,0.0,26
2022-04-21 21:00:00,24969.0,0.0,1
2022-05-09 21:00:00,21074.0,0.0,1
2022-05-09 22:00:00,21074.0,0.0,1
2022-05-12 12:00:00,54485.0,0.0,1
2022-05-12 13:00:00,22484.0,238508959964.0,1
2022-05-12 16:00:00,22484.0,910000000000.0,2
2022-05-13 00:00:00,22484.0,1.299516068363854e+16,1
2022-05-13 01:00:00,22484.0,8650000000000.0,1
2022-05-13 09:00:00,51685.0,0.0,1
2022-05-13 10:00:00,22484.0,10000000000.0,1
2022-05-16 12:00:00,51685.0,0.0,1
2022-05-25 08:00:00,21074.0,0.0,1
2022-05-25 10:00:00,22484.0,35950000100000.0,5
2022-05-25 11:00:00,22484.0,1e+16,1
2022-05-25 12:00:00,22484.0,10000000000000.0,1
2022-05-26 03:00:00,54485.0,0.0,1
2022-05-30 15:00:00,22484.0,1500000000000000.0,1
2022-06-02 13:00:00,54485.0,0.0,1
2022-06-05 10:00:00,51685.0,0.0,1
2022-06-05 11:00:00,21074.0,0.0,1
2022-06-14 03:00:00,51685.0,0.0,1
2022-06-18 18:00:00,24320.0,0.0,1
2022-06-20 02:00:00,22484.0,1e+17,1
2022-06-20 03:00:00,22484.0,2.7e+16,1
2022-06-20 11:00:00,51685.0,0.0,1
2022-06-27 15:00:00,51685.0,0.0,1
2022-07-18 08:00:00,22425.0,0.0,2
2022-08-03 11:00:00,51685.0,0.0,1
2022-08-16 13:00:00,51685.0,0.0,1
2022-08-20 19:00:00,24144.0,0.0,1
2022-08-20 20:00:00,24472.0,0.0,2
2022-08-26 22:00:00,24320.0,0.0,1
2022-08-29 00:00:00,22137.0,0.0,3
2022-09-02 20:00:00,23913.0,0.0,1
2022-09-03 11:00:00,21545.0,0.0,1
2022-09-08 02:00:00,24320.0,0.0,1
2022-09-16 13:00:00,22484.0,1e+16,1
2022-09-16 14:00:00,22484.0,4200000000000000.0,5
2022-09-19 18:00:00,23913.0,0.0,1
2022-09-25 09:00:00,22484.0,870000000000000.0,1
2022-10-02 22:00:00,22921.0,0.0,1
2022-10-17 18:00:00,22484.0,3000000000000000.0,1
2022-10-22 06:00:00,22484.0,1709843239266585.0,1
2022-10-24 17:00:00,51685.0,0.0,1
2022-10-27 23:00:00,51685.0,0.0,1
2022-10-31 15:00:00,24478.454545454544,0.0,11
2022-10-31 16:00:00,24292.222222222223,0.0,27
2022-10-31 17:00:00,24537.88888888889,0.0,18
2022-11-01 00:00:00,24725.0,0.0,2
2022-11-02 13:00:00,24144.0,0.0,1
2022-11-03 12:00:00,24144.0,0.0,1
2022-11-08 17:00:00,24620.0,0.0,3
2022-11-08 18:00:00,24940.0,0.0,4
2022-11-08 21:00:00,24788.0,0.0,1
2022-11-10 09:00:00,24144.0,0.0,1
2022-11-11 11:00:00,22125.0,0.0,2
2022-11-12 10:00:00,23017.0,0.0,16
2022-12-09 02:00:00,24776.0,0.0,1
2022-12-11 13:00:00,24262.0,0.0,4
2022-12-19 17:00:00,51685.0,0.0,1
2022-12-19 22:00:00,24125.666666666668,0.0,3
2022-12-19 23:00:00,24403.0,0.0,2
2022-12-25 13:00:00,24049.0,0.0,1
2022-12-27 13:00:00,51685.0,0.0,1
2023-01-09 20:00:00,51685.0,0.0,1
2023-01-13 02:00:00,24722.0,0.0,1
2023-01-13 03:00:00,24876.0,0.0,3
2023-01-24 12:00:00,31849.0,0.0,1
2023-01-24 21:00:00,22484.0,2000000000000000.0,1
2023-01-29 06:00:00,21545.0,0.0,3
2023-03-03 13:00:00,22484.0,8000000000000000.0,1
2023-03-04 16:00:00,24144.0,0.0,1
2023-03-14 10:00:00,23913.0,0.0,1
2023-03-14 12:00:00,24144.0,0.0,1
2023-03-16 12:00:00,53096.0,0.0,1
2023-03-19 08:00:00,26779.0,1.0,1
2023-03-19 17:00:00,24049.0,0.0,1
2023-03-22 10:00:00,24276.25,0.0,4
2023-03-26 00:00:00,22484.0,573866554669579.0,1
2023-03-27 20:00:00,22484.0,584460915346687.0,1
2023-04-14 05:00:00,22484.0,1200000000000000.0,1
2023-04-17 11:00:00,22041.0,0.0,1
2023-04-20 15:00:00,24266.272727272728,0.0,11
2023-04-21 05:00:00,24624.0,0.0,1
2023-04-21 06:00:00,74543.0,0.0,1
2023-04-24 07:00:00,178369.0,0.0,1
2023-04-26 16:00:00,24271.0,0.0,1
2023-05-02 17:00:00,36245.0,0.0,1
2023-05-03 11:00:00,36245.0,0.0,1
2023-05-06 00:00:00,56953.0,0.0,1
2023-05-06 02:00:00,21593.0,0.0,1
2023-05-11 13:00:00,23017.0,0.0,26
2023-05-24 11:00:00,48822.0,0.0,2
2023-05-25 07:00:00,53096.0,0.0,1
2023-06-04 11:00:00,22484.0,52000000000000.0,1
2023-06-05 01:00:00,22484.0,50000000000000.0,1
2023-06-07 06:00:00,22484.0,60000000000000.0,1
2023-06-07 20:00:00,22381.0,0.0,1
2023-06-08 02:00:00,22484.0,30000000000000.0,1
2023-06-09 00:00:00,24023.0,10.0,4
2023-06-10 09:00:00,22484.0,40000000000000.0,1
2023-06-11 00:00:00,22484.0,52012000000000.0,1
2023-06-30 19:00:00,22484.0,520223696189361.0,1
2023-07-01 11:00:00,24027.0,4.0,1
2023-07-02 12:00:00,24028.5,0.0,2
2023-07-02 13:00:00,24734.0,0.0,1
2023-07-02 14:00:00,24545.583333333332,0.0,12
2023-07-02 15:00:00,24740.25,0.0,4
2023-07-09 01:00:00,22484.0,41100000000000.0,1
2023-07-15 23:00:00,22484.0,112113300000000.0,2
2023-07-25 06:00:00,22484.0,365.0,1
2023-07-26 05:00:00,22484.0,897.0,2
2023-07-26 06:00:00,22484.0,1295.0,3
2023-07-26 07:00:00,22484.0,672.0,1
2023-07-26 08:00:00,22484.0,38.0,1
2023-07-27 05:00:00,22484.0,252.0,1
2023-07-28 05:00:00,22484.0,685.0,2
2023-07-29 02:00:00,22484.0,2145.0,3
2023-07-29 03:00:00,22484.0,2457.0,6
2023-07-29 04:00:00,22484.0,1053.0,2
2023-07-29 05:00:00,22484.0,2123.0,3
2023-07-29 06:00:00,22484.0,3703.0,6
2023-07-29 07:00:00,22484.0,5637.0,11
2023-07-29 08:00:00,22484.0,255.0,1
2023-07-29 09:00:00,22484.0,819.0,2
2023-07-29 10:00:00,22484.0,3493.0,5
2023-07-29 11:00:00,22484.0,4522.0,9
2023-07-30 01:00:00,22484.0,1823.0,4
2023-07-30 02:00:00,22484.0,514.0,1
2023-07-30 03:00:00,22484.0,2549.0,5
2023-07-30 04:00:00,22484.0,2800.0,8
2023-07-30 05:00:00,22484.0,985.0,2
2023-07-30 06:00:00,22484.0,607.0,2
2023-07-30 08:00:00,22484.0,3169.0,5
2023-07-30 09:00:00,22484.0,5280.0,14
2023-07-30 10:00:00,22484.0,4312.0,9
2023-07-30 11:00:00,22484.0,5115.0,9
2023-07-30 13:00:00,22484.0,394.0,1
2023-07-30 17:00:00,22484.0,214.0,2
2023-07-30 18:00:00,22484.0,2160.0,5
2023-07-30 22:00:00,22484.0,2360.0,5
2023-07-30 23:00:00,22484.0,1512.0,3
2023-07-31 00:00:00,22484.0,1566.0,5
2023-07-31 01:00:00,22484.0,4432.0,7
2023-07-31 02:00:00,22484.0,5853.0,14
2023-07-31 03:00:00,22484.0,3700.0,7
2023-07-31 04:00:00,22484.0,2826.0,7
2023-07-31 05:00:00,22484.0,2494.0,6
2023-07-31 06:00:00,22484.0,3369.0,7
2023-07-31 07:00:00,22484.0,2505.0,4
2023-07-31 08:00:00,22484.0,3597.0,5
2023-07-31 09:00:00,22484.0,296.0,2
2023-07-31 11:00:00,22484.0,457.0,2
2023-08-01 01:00:00,22484.0,638.0,2
2023-08-01 03:00:00,22484.0,299.0,1
2023-08-01 04:00:00,22484.0,663.0,2
2023-08-01 05:00:00,22484.0,679.0,1
2023-08-01 08:00:00,22484.0,613.0,1
2023-08-02 03:00:00,22484.0,858.0,1
2023-08-02 04:00:00,22484.0,1400.0,3
2023-08-02 05:00:00,22484.0,2995.0,7
2023-08-02 07:00:00,22484.0,335.0,1
2023-08-02 08:00:00,22484.0,1909.0,3
2023-08-02 09:00:00,22484.0,1146.0,2
2023-08-02 10:00:00,22484.0,657.0,1
2023-08-03 03:00:00,22484.0,906.0,1
2023-08-03 04:00:00,22484.0,438.0,2
2023-08-03 05:00:00,22484.0,561.0,1
2023-08-03 06:00:00,22484.0,821.0,1
2023-08-03 07:00:00,22484.0,1339.0,2
2023-08-03 09:00:00,22484.0,2543.0,5
2023-08-03 10:00:00,22484.0,1128.0,2
2023-08-03 11:00:00,22484.0,1582.0,2
2023-08-03 12:00:00,22484.0,618.0,1
2023-08-04 00:00:00,22484.0,982.0,2
2023-08-04 01:00:00,22484.0,532.0,1
2023-08-04 03:00:00,22484.0,1000.0,1
2023-08-04 04:00:00,22484.0,847.0,2
2023-08-04 05:00:00,22484.0,1876.0,3
2023-08-04 07:00:00,22484.0,1037.0,2
2023-08-04 09:00:00,22484.0,4000000000000000.0,2
2023-08-04 11:00:00,22484.0,850.0,2
2023-08-04 18:00:00,22484.0,1000000000000000.0,1
2023-08-04 21:00:00,22065.0,0.0,1
2023-08-04 22:00:00,22484.0,495.0,1
2023-08-05 03:00:00,22484.0,1391.0,2
2023-08-05 04:00:00,22484.0,902.0,1
2023-08-05 05:00:00,22484.0,613.0,1
2023-08-05 06:00:00,22484.0,667.0,1
2023-08-05 08:00:00,22484.0,648.0,3
2023-08-05 11:00:00,22484.0,928.0,1
2023-08-05 14:00:00,22484.0,776.0,2
2023-08-06 01:00:00,22484.0,415.0,2
2023-08-06 04:00:00,22484.0,546.0,1
2023-08-06 05:00:00,22484.0,643.0,1
2023-08-06 06:00:00,22484.0,787.0,1
2023-08-06 07:00:00,22484.0,3379.0,5
2023-08-06 08:00:00,22484.0,146.0,1
2023-08-06 10:00:00,22484.0,737.0,1
2023-08-06 11:00:00,22484.0,2311.0,4
2023-08-06 12:00:00,22484.0,263.0,1
2023-08-06 13:00:00,22484.0,467.0,1
2023-08-06 18:00:00,22484.0,583.0,1
2023-08-06 19:00:00,22484.0,344.0,1
2023-08-06 20:00:00,22484.0,443.0,1
2023-08-06 21:00:00,22484.0,1021.0,2
2023-08-07 01:00:00,22484.0,194.0,1
2023-08-07 02:00:00,22484.0,505.0,1
2023-08-07 03:00:00,24596.0,0.0,2
2023-08-07 05:00:00,22484.0,1628.0,3
2023-08-07 06:00:00,22484.0,582.0,1
2023-08-07 07:00:00,22484.0,989.0,1
2023-08-08 14:00:00,21993.0,0.0,1
2023-08-09 04:00:00,22484.0,201.0,1
2023-08-09 05:00:00,22484.0,346.0,1
2023-08-09 08:00:00,22484.0,1307.0,2
2023-08-09 22:00:00,22484.0,800.0,1
2023-08-11 23:00:00,25177.0,0.0,1
2023-08-12 10:00:00,22484.0,162.0,1
2023-08-12 19:00:00,22484.0,35.0,1
2023-08-13 00:00:00,22484.0,429.0,1
2023-08-13 01:00:00,22484.0,971.0,1
2023-08-13 02:00:00,22484.0,816.0,1
2023-08-13 04:00:00,22484.0,88.0,1
2023-08-13 12:00:00,22484.0,81.0,1
2023-08-13 20:00:00,22484.0,530.0,1
2023-08-13 22:00:00,22484.0,618.0,1
2023-08-14 01:00:00,22484.0,1324.0,2
2023-08-14 03:00:00,22484.0,794.0,1
2023-08-14 09:00:00,22104.285714285714,760.0,7
2023-08-19 06:00:00,22484.0,49.0,1
2023-08-19 08:00:00,22484.0,910.0,1
2023-08-19 11:00:00,22484.0,166.0,1
2023-08-19 14:00:00,22484.0,656.0,1
2023-08-19 18:00:00,22484.0,133.0,1
2023-08-19 20:00:00,22484.0,560.0,1
2023-08-19 22:00:00,22484.0,128.0,1
2023-08-20 00:00:00,22484.0,1490.0,2
2023-08-20 17:00:00,37769.0,0.0,1
2023-08-20 23:00:00,22484.0,207.0,1
2023-08-26 17:00:00,22484.0,5580641778727164.0,1
2023-08-28 04:00:00,22484.0,390.0,1
2023-08-31 00:00:00,22484.0,822.0,1
2023-08-31 05:00:00,22484.0,755.0,1
2023-09-01 07:00:00,22484.0,813.0,1
2023-09-02 13:00:00,22484.0,434.0,1
2023-09-03 05:00:00,22484.0,300300000000000.0,3
2023-09-04 07:00:00,22484.0,381.0,1
2023-09-04 23:00:00,22484.0,609.0,1
2023-09-05 03:00:00,22484.0,61.0,1
2023-09-07 05:00:00,22484.0,901.0,1
2023-09-07 06:00:00,22484.0,598.0,1
2023-09-08 08:00:00,22484.0,844.0,1
2023-09-09 01:00:00,22484.0,618.0,1
2023-09-09 03:00:00,22484.0,1000000000000.0,1
2023-09-09 07:00:00,22484.0,111111110000000.0,1
2023-09-10 21:00:00,22484.0,519.0,1
2023-09-11 04:00:00,22484.0,730.0,2
2023-09-11 07:00:00,22484.0,75000000000.0,1
2023-09-11 08:00:00,22484.0,759000000000.0,1
2023-09-11 11:00:00,22484.0,359000000000.0,1
2023-09-11 22:00:00,22484.0,2285000000000.0,4
2023-09-11 23:00:00,22484.0,1378000000000.0,2
2023-09-12 00:00:00,22484.0,40460000000000.0,7
2023-09-12 01:00:00,22484.0,1174000000000.0,3
2023-09-12 02:00:00,22484.0,905000000000.0,1
2023-09-12 06:00:00,22484.0,1405000000000.0,2
2023-09-12 09:00:00,22484.0,321000000000.0,1
2023-09-12 21:00:00,22484.0,661000000000.0,1
2023-09-12 22:00:00,22484.0,1622000000000.0,2
2023-09-12 23:00:00,22484.0,3754000000000.0,10
2023-09-13 00:00:00,24838.76923076923,6439000000000.0,13
2023-09-13 01:00:00,22484.0,409000000000.0,1
2023-09-13 02:00:00,22484.0,3589000000000.0,7
2023-09-13 03:00:00,22484.0,1529000000000.0,3
2023-09-13 20:00:00,22484.0,265000000000.0,1
2023-09-13 21:00:00,22484.0,963000000000.0,1
2023-09-13 22:00:00,22484.0,1949000000000.0,5
2023-09-13 23:00:00,22484.0,2443000000000.0,5
2023-09-14 02:00:00,22484.0,4231000000000.0,8
2023-09-14 03:00:00,22484.0,4607000000000.0,10
2023-09-14 04:00:00,22484.0,4311000000000.0,7
2023-09-14 05:00:00,22484.0,158000000000.0,1
2023-09-14 06:00:00,22484.0,3807000000000.0,6
2023-09-14 07:00:00,22484.0,1222000000000.0,3
2023-09-14 08:00:00,22484.0,458000000000.0,2
2023-09-14 09:00:00,22484.0,4663000000000.0,8
2023-09-14 10:00:00,22484.0,844000000000.0,3
2023-09-14 11:00:00,22484.0,784000000000.0,1
2023-09-14 16:00:00,24028.5,0.0,2
2023-09-14 17:00:00,24049.0,0.0,1
2023-09-14 23:00:00,22484.0,1026000000000.0,2
2023-09-15 00:00:00,22484.0,2110000000000.0,3
2023-09-15 02:00:00,22484.0,646000000000.0,2
2023-09-15 03:00:00,22484.0,1557000000000.0,3
2023-09-15 04:00:00,22484.0,1381000000000.0,2
2023-09-15 05:00:00,22484.0,1579000000000.0,3
2023-09-15 06:00:00,22484.0,4782000000000.0,12
2023-09-15 07:00:00,22484.0,5954000000000.0,8
2023-09-15 08:00:00,22484.0,2637000000000.0,6
2023-09-15 09:00:00,22484.0,2123000000000.0,4
2023-09-15 10:00:00,22484.0,2310000000000.0,5
2023-09-15 11:00:00,22484.0,969000000000.0,2
2023-09-15 22:00:00,22484.0,4327000000000.0,7
2023-09-15 23:00:00,22484.0,2715000000000.0,4
2023-09-16 01:00:00,22484.0,1477000000000.0,2
2023-09-16 02:00:00,22484.0,1445000000000.0,4
2023-09-16 03:00:00,22484.0,1782000000000.0,3
2023-09-16 04:00:00,22484.0,974000000000.0,1
2023-09-16 05:00:00,22484.0,1580000000000.0,2
2023-09-16 06:00:00,22484.0,654000000000.0,3
2023-09-16 07:00:00,22484.0,2433000000000.0,4
2023-09-16 08:00:00,22484.0,5016000000000.0,8
2023-09-16 09:00:00,22484.0,3786000000000.0,5
2023-09-16 10:00:00,22484.0,473000000000.0,2
2023-09-16 11:00:00,22484.0,2372000000000.0,6
2023-09-16 12:00:00,22484.0,2965000000000.0,6
2023-09-16 13:00:00,22484.0,2841000000000.0,7
2023-09-16 14:00:00,22484.0,2743000000000.0,5
2023-09-16 16:00:00,22484.0,396000000000.0,1
2023-09-16 20:00:00,22484.0,179000000000.0,1
2023-09-16 22:00:00,22484.0,2108000000000.0,3
2023-09-17 00:00:00,22484.0,2087000000000.0,4
2023-09-17 01:00:00,22484.0,1106000000000.0,3
2023-09-17 02:00:00,22484.0,132000000000.0,1
2023-09-17 03:00:00,22484.0,1275000000000.0,2
2023-09-17 04:00:00,22484.0,2438000000000.0,3
2023-09-17 05:00:00,22484.0,2338000000000.0,4
2023-09-17 06:00:00,22484.0,1981000000000.0,3
2023-09-17 07:00:00,21890.4,721377199998.0,5
2023-09-17 08:00:00,22484.0,638000000000.0,1
2023-09-17 09:00:00,22484.0,1523000000000.0,2
2023-09-17 10:00:00,22484.0,3713000000000.0,8
2023-09-17 11:00:00,22484.0,1699000000000.0,4
2023-09-17 12:00:00,22484.0,1615000000000.0,2
2023-09-17 13:00:00,22484.0,3166000000000.0,6
2023-09-17 14:00:00,22484.0,5738000000000.0,7
2023-09-17 15:00:00,22484.0,419000000000.0,2
2023-09-17 16:00:00,22484.0,478000000000.0,1
2023-09-17 17:00:00,22484.0,891000000000.0,1
2023-09-17 18:00:00,22484.0,1496000000000.0,2
2023-09-17 19:00:00,22484.0,2000000000000.0,3
2023-09-17 20:00:00,22484.0,496000000000.0,1
2023-09-17 21:00:00,22484.0,845000000000.0,2
2023-09-17 22:00:00,22484.0,3430000000000.0,5
2023-09-17 23:00:00,22484.0,3357000000000.0,6
2023-09-18 00:00:00,22484.0,696000000000.0,2
2023-09-18 01:00:00,22484.0,277000000000.0,1
2023-09-18 02:00:00,22484.0,1695000000000.0,3
2023-09-18 03:00:00,22484.0,1648000000000.0,3
2023-09-18 04:00:00,22484.0,2028000000000.0,6
2023-09-18 05:00:00,22484.0,2509000000000.0,4
2023-09-18 06:00:00,22484.0,1206000000000.0,3
2023-09-18 07:00:00,22202.0,2557000000000.0,5
2023-09-18 08:00:00,22484.0,898000000000.0,3
2023-09-18 09:00:00,22484.0,3498000000000.0,6
2023-09-18 10:00:00,22484.0,1708000000000.0,3
2023-09-18 11:00:00,22484.0,2223000000000.0,5
2023-09-18 23:00:00,22484.0,683000000000.0,3
2023-09-19 00:00:00,22484.0,3170000000000.0,5
2023-09-19 01:00:00,22484.0,713000000000.0,3
2023-09-19 02:00:00,22484.0,1418000000000.0,5
2023-09-19 03:00:00,22484.0,2226000000000.0,4
2023-09-19 04:00:00,22484.0,776000000000.0,2
2023-09-19 05:00:00,22484.0,132000000000.0,2
2023-09-19 06:00:00,22484.0,2480000000000.0,3
2023-09-19 07:00:00,22484.0,682000000000.0,2
2023-09-19 08:00:00,22484.0,215000000000.0,1
2023-09-19 09:00:00,22484.0,644000000000.0,2
2023-09-19 10:00:00,22484.0,574000000000.0,1
2023-09-19 11:00:00,22484.0,1441000000000.0,4
2023-09-19 12:00:00,22484.0,86000000000.0,1
2023-09-19 13:00:00,22484.0,320000000000.0,2
2023-09-19 20:00:00,22484.0,651000000000.0,1
2023-09-19 23:00:00,22484.0,816000000000.0,1
2023-09-20 00:00:00,22484.0,77000000000.0,2
2023-09-20 02:00:00,22484.0,1785000000000.0,4
2023-09-20 03:00:00,22484.0,26000000000.0,1
2023-09-20 04:00:00,22484.0,4809000000000.0,8
2023-09-20 05:00:00,22484.0,2343000000000.0,4
2023-09-20 06:00:00,22484.0,2436000000000.0,6
2023-09-20 07:00:00,22484.0,1883000000000.0,3
2023-09-20 08:00:00,22484.0,278000000000.0,1
2023-09-20 09:00:00,22484.0,2523000000000.0,6
2023-09-20 10:00:00,22484.0,1018000000000.0,4
2023-09-20 11:00:00,22484.0,161000000000.0,2
2023-09-20 12:00:00,22484.0,799000000000.0,1
2023-09-20 23:00:00,22484.0,584000000000.0,3
2023-09-21 00:00:00,22484.0,1851000000000.0,3
2023-09-21 01:00:00,22484.0,1797000000000.0,2
2023-09-21 02:00:00,22484.0,484000000000.0,2
2023-09-21 03:00:00,22484.0,2206000000000.0,4
2023-09-21 04:00:00,22484.0,699000000000.0,2
2023-09-21 05:00:00,22484.0,1206000000000.0,4
2023-09-21 06:00:00,22484.0,818000000000.0,1
2023-09-21 07:00:00,22484.0,2476000000000.0,5
2023-09-21 08:00:00,22484.0,1797000000000.0,4
2023-09-21 09:00:00,22484.0,2338000000000.0,4
2023-09-21 11:00:00,22484.0,876000000000.0,1
2023-09-21 14:00:00,22484.0,355000000000.0,1
2023-09-21 18:00:00,22484.0,925000000000.0,1
2023-09-21 22:00:00,22484.0,648000000000.0,1
2023-09-22 00:00:00,22484.0,1245000000000.0,3
2023-09-22 01:00:00,22484.0,201000000000.0,1
2023-09-22 02:00:00,22484.0,346000000000.0,1
2023-09-22 03:00:00,22484.0,1015000000000.0,4
2023-09-22 04:00:00,22484.0,174000000000.0,1
2023-09-22 05:00:00,22484.0,1987000000000.0,3
2023-09-22 06:00:00,22484.0,747000000000.0,2
2023-09-22 07:00:00,22484.0,557000000000.0,1
2023-09-22 08:00:00,22484.0,949000000000.0,1
2023-09-22 09:00:00,22484.0,1296000000000.0,2
2023-09-22 10:00:00,22484.0,1025000000000.0,2
2023-09-22 15:00:00,22484.0,37000000000.0,1
2023-09-22 16:00:00,22484.0,566000000000.0,1
2023-09-22 17:00:00,22484.0,357000000000.0,1
2023-09-22 18:00:00,22484.0,87000000000.0,1
2023-09-22 19:00:00,22484.0,1124000000000.0,3
2023-09-22 20:00:00,22484.0,1685000000000.0,3
2023-09-22 21:00:00,22484.0,537000000000.0,2
2023-09-22 23:00:00,22484.0,878000000000.0,1
2023-09-23 00:00:00,22484.0,364000000000.0,1
2023-09-23 01:00:00,22484.0,545000000000.0,1
2023-09-23 04:00:00,22484.0,256000000000.0,1
2023-09-23 06:00:00,22484.0,996000000000.0,1
2023-09-23 07:00:00,22484.0,879000000000.0,1
2023-09-23 08:00:00,22484.0,1366000000000.0,2
2023-09-23 09:00:00,22484.0,497000000000.0,3
2023-09-23 11:00:00,22484.0,1809000000000.0,2
2023-09-23 12:00:00,22484.0,1535000000000.0,3
2023-09-23 14:00:00,22484.0,2425000000000.0,5
2023-09-23 15:00:00,22484.0,1050000000000.0,2
2023-09-23 16:00:00,22484.0,869000000000.0,2
2023-09-23 17:00:00,22484.0,1220000000000.0,2
2023-09-23 19:00:00,22484.0,1128000000000.0,2
2023-09-23 20:00:00,22484.0,1149000000000.0,2
2023-09-23 21:00:00,22484.0,2135000000000.0,4
2023-09-23 22:00:00,22484.0,864000000000.0,2
2023-09-23 23:00:00,22484.0,453000000000.0,1
2023-09-24 00:00:00,22484.0,1123000000000.0,2
2023-09-24 01:00:00,22484.0,1097000000000.0,2
2023-09-24 02:00:00,22484.0,2676000000000.0,4
2023-09-24 03:00:00,22484.0,1836000000000.0,4
2023-09-24 04:00:00,22484.0,1587000000000.0,3
2023-09-24 05:00:00,22484.0,3976000000000.0,7
2023-09-24 06:00:00,22484.0,490000000000.0,2
2023-09-24 07:00:00,22484.0,2669000000000.0,5
2023-09-24 08:00:00,22484.0,2132000000000.0,3
2023-09-24 09:00:00,22484.0,1644000000000.0,3
2023-09-24 10:00:00,22484.0,67000000000.0,1
2023-09-24 11:00:00,22484.0,2320000000000.0,5
2023-09-24 12:00:00,22484.0,1726000000000.0,4
2023-09-24 13:00:00,22484.0,667000000000.0,1
2023-09-24 14:00:00,22484.0,894000000000.0,2
2023-09-24 15:00:00,22484.0,468000000000.0,1
2023-09-24 16:00:00,22484.0,480000000000.0,2
2023-09-24 17:00:00,22484.0,1425000000000.0,2
2023-09-24 18:00:00,22484.0,952000000000.0,1
2023-09-24 19:00:00,22484.0,323000000000.0,2
2023-09-24 20:00:00,22484.0,2341000000000.0,5
2023-09-24 22:00:00,22484.0,2307000000000.0,4
2023-09-24 23:00:00,22484.0,1655000000000.0,3
2023-09-25 00:00:00,22484.0,1051000000000.0,2
2023-09-25 02:00:00,22484.0,559000000000.0,1
2023-09-25 03:00:00,22484.0,1174000000000.0,2
2023-09-25 04:00:00,22484.0,925000000000.0,1
2023-09-25 05:00:00,22484.0,913000000000.0,2
2023-09-25 06:00:00,22484.0,2098000000000.0,5
2023-09-25 07:00:00,22484.0,1915000000000.0,4
2023-09-25 08:00:00,22484.0,99000000000.0,1
2023-09-25 09:00:00,22484.0,205000000000.0,1
2023-09-25 10:00:00,23519.666666666668,1460000000000.0,6
2023-09-25 11:00:00,22484.0,1583000000000.0,3
2023-09-25 12:00:00,22484.0,341000000000.0,1
2023-09-25 18:00:00,22484.0,749000000000.0,2
2023-09-25 22:00:00,22484.0,2544000000000.0,5
2023-09-26 00:00:00,22484.0,1501000000000.0,3
2023-09-26 01:00:00,22484.0,265000000000.0,1
2023-09-26 02:00:00,22484.0,1800000000000.0,3
2023-09-26 03:00:00,22484.0,1451000000000.0,2
2023-09-26 04:00:00,22484.0,1361000000000.0,2
2023-09-26 05:00:00,22484.0,1126000000000.0,2
2023-09-26 06:00:00,22484.0,960000000000.0,1
2023-09-26 07:00:00,22484.0,3230000000000.0,5
2023-09-26 10:00:00,22484.0,215000000000.0,1
2023-09-26 11:00:00,22484.0,2909000000000.0,5
2023-09-26 12:00:00,22484.0,926000000000.0,1
2023-09-26 20:00:00,22484.0,562000000000.0,1
2023-09-26 21:00:00,22484.0,22000000000.0,1
2023-09-26 22:00:00,22484.0,573000000000.0,1
2023-09-26 23:00:00,22484.0,1188000000000.0,2
2023-09-27 01:00:00,22484.0,455000000000.0,2
2023-09-27 02:00:00,22484.0,883000000000.0,2
2023-09-27 03:00:00,22484.0,1368000000000.0,2
2023-09-27 09:00:00,22484.0,1147000000000.0,3
2023-09-27 10:00:00,22484.0,448000000000.0,1
2023-09-27 11:00:00,22484.0,303000000000.0,1
2023-09-27 12:00:00,22484.0,707000000000.0,1
2023-09-27 19:00:00,22484.0,373000000000.0,1
2023-09-27 22:00:00,22484.0,1261000000000.0,2
2023-09-28 00:00:00,22484.0,998000000000.0,1
2023-09-28 01:00:00,22484.0,1056000000000.0,2
2023-09-28 03:00:00,22484.0,462000000000.0,1
2023-09-28 04:00:00,22484.0,912000000000.0,1
2023-09-28 06:00:00,22484.0,2428000000000.0,5
2023-09-28 07:00:00,22484.0,40000000000.0,1
2023-09-28 08:00:00,22484.0,2933000000000.0,5
2023-09-28 09:00:00,22484.0,980000000000.0,1
2023-09-28 10:00:00,22484.0,631000000000.0,1
2023-09-28 11:00:00,22484.0,1819000000000.0,3
2023-09-28 12:00:00,22484.0,950000000000.0,1
2023-09-28 13:00:00,22484.0,292000000000.0,2
2023-09-28 21:00:00,22484.0,47000000000.0,1
2023-09-28 22:00:00,22484.0,1835000000000.0,2
2023-09-28 23:00:00,22484.0,226000000000.0,1
2023-09-29 00:00:00,22484.0,1596000000000.0,2
2023-09-29 01:00:00,22484.0,2996000000000.0,4
2023-09-29 03:00:00,22484.0,144000000000.0,1
2023-09-29 04:00:00,22484.0,803000000000.0,2
2023-09-29 06:00:00,22484.0,273000000000.0,1
2023-09-29 07:00:00,22484.0,631000000000.0,2
2023-09-29 08:00:00,22484.0,930000000000.0,1
2023-09-29 10:00:00,22484.0,29000000000.0,1
2023-09-29 11:00:00,22484.0,659000000000.0,1
2023-09-29 12:00:00,22484.0,1415000000000.0,2
2023-09-29 17:00:00,22484.0,14000000000.0,1
2023-09-29 18:00:00,22484.0,629000000000.0,1
2023-09-29 19:00:00,22484.0,440000000000.0,1
2023-09-29 20:00:00,22484.0,332000000000.0,2
2023-09-29 21:00:00,22484.0,1010000000000.0,2
2023-09-29 23:00:00,22484.0,403000000000.0,1
2023-09-30 01:00:00,24320.0,0.0,1
2023-09-30 02:00:00,22484.0,1465000000000.0,3
2023-09-30 04:00:00,22484.0,739000000000.0,2
2023-09-30 07:00:00,22484.0,16000000000.0,1
2023-09-30 08:00:00,22484.0,770000000000.0,1
2023-09-30 10:00:00,22484.0,941000000000.0,2
2023-09-30 12:00:00,22484.0,906000000000.0,3
2023-09-30 13:00:00,22484.0,786000000000.0,1
2023-09-30 14:00:00,22484.0,1332000000000.0,3
2023-09-30 15:00:00,22484.0,1091000000000.0,3
2023-09-30 16:00:00,22484.0,918000000000.0,1
2023-09-30 17:00:00,22484.0,518000000000.0,2
2023-09-30 18:00:00,22484.0,92000000000.0,1
2023-09-30 19:00:00,22484.0,2665000000000.0,4
2023-09-30 20:00:00,22484.0,2364000000000.0,4
2023-09-30 21:00:00,22484.0,398000000000.0,1
2023-09-30 22:00:00,22484.0,750000000000.0,1
2023-10-01 00:00:00,23096.0,5001333000000000.0,3
2023-10-01 02:00:00,22484.0,357000000000.0,1
2023-10-01 03:00:00,22484.0,1114000000000.0,3
2023-10-01 05:00:00,22484.0,1340000000000.0,3
2023-10-01 06:00:00,22484.0,159000000000.0,1
2023-10-01 07:00:00,22484.0,2336000000000.0,4
2023-10-01 08:00:00,22484.0,281000000000.0,1
2023-10-01 10:00:00,22484.0,1697000000000.0,2
2023-10-01 11:00:00,22484.0,600000000000.0,1
2023-10-01 12:00:00,22484.0,246000000000.0,2
2023-10-01 13:00:00,22484.0,233000000000.0,1
2023-10-01 14:00:00,22484.0,808000000000.0,2
2023-10-01 17:00:00,24144.0,0.0,1
2023-10-01 21:00:00,22484.0,1409000000000.0,2
2023-10-01 23:00:00,22484.0,315000000000.0,1
2023-10-02 01:00:00,22484.0,1850000000000.0,2
2023-10-02 02:00:00,22484.0,909000000000.0,2
2023-10-02 03:00:00,22484.0,898000000000.0,1
2023-10-02 08:00:00,22484.0,275000000000.0,1
2023-10-02 09:00:00,53096.0,0.0,1
2023-10-02 17:00:00,22041.0,0.0,1
2023-10-03 00:00:00,22484.0,972000000000.0,1
2023-10-03 01:00:00,22484.0,1193000000000.0,2
2023-10-03 02:00:00,22484.0,689000000000.0,1
2023-10-03 03:00:00,22484.0,1380000000000.0,2
2023-10-03 04:00:00,22484.0,1388000000000.0,3
2023-10-03 05:00:00,22484.0,1443000000000.0,2
2023-10-03 07:00:00,22484.0,2016000000000.0,3
2023-10-03 23:00:00,22484.0,443000000000.0,1
2023-10-04 03:00:00,22484.0,862000000000.0,1
2023-10-04 05:00:00,22484.0,876000000000.0,2
2023-10-04 07:00:00,22484.0,771000000000.0,1
2023-10-04 22:00:00,22484.0,414000000000.0,1
2023-10-05 04:00:00,22484.0,404000000000.0,1
2023-10-07 07:00:00,21074.0,0.0,1
2023-10-07 11:00:00,22484.0,1593000000000.0,2
2023-10-07 12:00:00,22484.0,420000000000.0,2
2023-10-08 12:00:00,22484.0,684000000000.0,1
2023-10-08 13:00:00,22484.0,342000000000.0,1
2023-10-09 09:00:00,22484.0,950000000000.0,1
2023-10-10 14:00:00,22484.0,500000000000000.0,1
2023-10-12 19:00:00,22484.0,1.954085815889965e+16,1
2023-10-16 09:00:00,24384.5,0.0,4
2023-10-16 20:00:00,25148.0,0.0,1
2023-10-18 08:00:00,22484.0,228000000000.0,1
2023-10-18 11:00:00,22484.0,883000000000.0,1
2023-10-19 10:00:00,22484.0,230000000000.0,1
2023-10-19 11:00:00,22484.0,574000000000.0,2
2023-10-19 12:00:00,22484.0,440000000000.0,1
2023-10-19 16:00:00,22484.0,1546000000000.0,2
2023-10-19 17:00:00,22484.0,658000000000.0,1
2023-10-19 22:00:00,23913.0,0.0,1
2023-10-20 09:00:00,22484.0,4000000000.0,1
2023-10-20 23:00:00,22484.0,601000000000.0,1
2023-10-21 20:00:00,22484.0,931000000000.0,1
2023-10-22 19:00:00,24144.0,0.0,1
2023-10-22 20:00:00,23913.0,0.0,1
2023-10-22 23:00:00,22484.0,181000000000.0,1
2023-10-23 00:00:00,22484.0,377000000000.0,1
2023-10-28 21:00:00,22484.0,503000000000.0,1
2023-11-03 01:00:00,22484.0,2.7969211491989616e+16,1
2023-11-06 11:00:00,24144.0,0.0,2
2023-11-08 15:00:00,24910.0,0.0,2
2023-11-13 12:00:00,53096.0,0.0,1
2023-11-25 13:00:00,24210.0,0.0,4
2023-11-27 08:00:00,38872.0,0.0,2
2023-11-28 22:00:00,24233.0,0.0,1
2023-12-04 19:00:00,24210.0,0.0,4
2023-12-10 07:00:00,22809.0,0.0,1
2023-12-19 13:00:00,24091.333333333332,10000000000.0,9
2023-12-21 10:00:00,24049.0,0.0,1
2023-12-22 06:00:00,24466.0,0.0,2
2023-12-22 13:00:00,24800.0,0.0,1
2023-12-23 01:00:00,24734.0,0.0,1
2024-01-01 04:00:00,24196.8,0.0,5
2024-01-04 20:00:00,24577.75,0.0,4
2024-01-04 21:00:00,24712.0,0.0,2
2024-01-05 21:00:00,22484.0,1.614016690034854e+16,1
2024-01-10 11:00:00,53096.0,0.0,1
2024-01-11 12:00:00,53096.0,0.0,1
2024-01-12 08:00:00,24150.6,0.0,5
2024-01-18 06:00:00,24028.5,0.0,2
2024-01-20 22:00:00,23913.0,0.0,1
2024-01-25 06:00:00,53096.0,0.0,1
2024-01-27 08:00:00,24466.333333333332,0.0,3
2024-02-04 08:00:00,23913.0,0.0,1
2024-02-04 14:00:00,25117.333333333332,0.0,3
2024-02-22 12:00:00,53096.0,0.0,1
2024-02-23 16:00:00,25332.0,0.0,2
2024-02-24 16:00:00,24144.0,0.0,1
2024-02-24 22:00:00,24648.0,0.0,1
2024-03-13 16:00:00,22425.0,0.0,1
2024-03-29 06:00:00,21000.0,110000000000000.0,1
2024-03-30 18:00:00,24223.333333333332,0.0,3
2024-03-31 20:00:00,22484.0,1000000000000.0,1
2024-04-14 05:00:00,21550.333333333332,0.0,3
2024-04-16 22:00:00,24232.0,0.0,4
2024-04-16 23:00:00,24094.0,0.0,3
2024-04-18 11:00:00,24218.25,0.0,4
2024-04-18 13:00:00,48539.0,0.0,1
2024-04-19 21:00:00,24320.0,0.0,1
2024-04-19 22:00:00,24320.0,0.0,3
2024-04-20 00:00:00,24860.0,0.0,1
2024-04-20 19:00:00,21913.0,0.0,1
2024-04-20 22:00:00,21545.0,0.0,1
2024-04-21 00:00:00,22250.0,1.0,2
2024-04-21 06:00:00,24494.0,0.0,1
2024-04-28 22:00:00,24144.0,0.0,1
2024-04-30 00:00:00,23939.4,0.0,5
2024-05-01 06:00:00,21000.0,30400000.0,1
2024-05-03 15:00:00,24308.0,0.0,1
2024-05-08 08:00:00,55896.0,0.0,1
2024-05-11 06:00:00,22484.0,45550000000000.0,1
2024-05-11 22:00:00,23913.0,0.0,1
2024-05-13 11:00:00,21000.0,33700000.0,1
2024-05-13 18:00:00,24025.0,0.0,3
2024-05-13 21:00:00,24321.6,0.0,5
2024-06-01 05:00:00,22101.0,0.0,3
2024-06-04 23:00:00,27307.0,1800000000000000.0,3
2024-06-19 14:00:00,22113.0,0.0,1
2024-07-08 08:00:00,24648.0,0.0,1
2024-07-09 08:00:00,53096.0,0.0,1
2024-07-11 12:00:00,181169.0,0.0,1
2024-07-24 09:00:00,22484.0,33333333300000.0,1
2024-07-24 21:00:00,22484.0,2.006378e+16,1
2024-07-28 07:00:00,22484.0,1.0,1
2024-07-29 07:00:00,22484.0,88880000000000.0,1
2024-07-30 03:00:00,21682.0,0.0,1
2024-07-30 05:00:00,22313.0,0.0,1
2024-07-30 09:00:00,26345.0,0.0,1
2024-07-30 15:00:00,24144.0,0.0,2
2024-07-30 16:00:00,24280.5,0.0,2
2024-07-30 17:00:00,22951.333333333332,0.0,3
2024-07-31 07:00:00,22484.0,55555000000000.0,1
2024-08-03 09:00:00,22713.0,0.0,1
2024-08-04 04:00:00,23434.0,0.0,1
2024-08-06 23:00:00,22873.0,0.0,1
2024-08-14 18:00:00,24271.0,0.0,1
2024-08-14 19:00:00,36245.0,0.0,1
2024-08-15 10:00:00,24668.25,0.0,4
2024-08-16 15:00:00,36245.0,0.0,1
2024-08-20 17:00:00,22077.0,0.0,1
2024-08-20 19:00:00,22077.0,0.0,1
2024-08-23 17:00:00,40133.5,0.0,2
2024-08-23 21:00:00,21624.833333333332,0.0,12
2024-08-23 22:00:00,22745.0,0.0,23
2024-08-24 22:00:00,24320.0,0.0,1
2024-08-31 08:00:00,23291.0,1337000000000000.0,1
2024-08-31 17:00:00,25241.0,0.0,1
2024-09-06 05:00:00,72996.0,0.0,1
2024-09-07 10:00:00,53096.0,0.0,1
2024-09-18 14:00:00,22000.0,916594265855780.0,1
2024-09-18 15:00:00,21500.0,979287633243780.0,1
2024-09-23 02:00:00,24734.0,0.0,2
2024-09-23 03:00:00,24265.6,0.0,5
2024-10-09 15:00:00,22053.0,0.0,1
2024-10-15 13:00:00,53096.0,0.0,1
2024-10-16 00:00:00,24028.5,0.0,2
2024-11-08 10:00:00,53096.0,0.0,1
2024-11-19 07:00:00,24064.333333333332,0.0,3
2024-12-04 12:00:00,22484.0,8988864896868202.0,2
2024-12-10 16:00:00,22484.0,3691068195291936.0,1
2024-12-28 20:00:00,24049.0,0.0,1
2025-01-04 21:00:00,24320.0,0.0,1
2025-01-08 02:00:00,21074.0,0.0,1
2025-01-20 15:00:00,55896.0,0.0,1
2025-01-20 17:00:00,180023.0,0.0,1
2025-01-21 06:00:00,21074.0,0.0,2
2025-01-21 08:00:00,21074.0,0.0,1
2025-01-25 02:00:00,24384.0,0.0,2
2025-01-25 10:00:00,21074.0,0.0,1
2025-01-27 02:00:00,22484.0,3800000000000000.0,1
2025-01-31 03:00:00,21000.0,0.0,3
2025-01-31 05:00:00,21074.0,0.0,1
2025-02-01 05:00:00,21074.0,0.0,1
2025-02-01 06:00:00,21074.0,0.0,1
2025-02-01 07:00:00,21074.0,0.0,1
2025-02-02 15:00:00,21074.0,0.0,1
2025-02-02 16:00:00,21074.0,0.0,2
2025-02-05 10:00:00,21074.0,0.0,24
2025-02-07 16:00:00,30000.0,0.0,1
2025-02-07 17:00:00,36245.0,0.0,1
2025-02-07 23:00:00,23930.0,0.0,3
2025-02-08 05:00:00,21074.0,0.0,2
2025-02-08 19:00:00,36245.0,0.0,1
2025-02-08 21:00:00,64256.0,0.0,1
2025-02-09 12:00:00,25865.0,0.0,11
2025-02-10 10:00:00,21074.0,0.0,1
2025-02-10 13:00:00,21074.0,0.0,1
2025-02-13 09:00:00,55896.0,0.0,1
2025-02-13 17:00:00,22484.0,400000000000000.0,1
2025-02-14 12:00:00,24648.0,0.0,1
2025-02-16 15:00:00,21074.0,0.0,1
2025-02-16 22:00:00,21913.0,0.0,1
2025-02-17 05:00:00,21074.0,0.0,1
2025-02-17 08:00:00,21074.0,0.0,1
2025-02-18 06:00:00,21074.0,0.0,1
2025-02-18 20:00:00,22041.0,0.0,1
2025-02-22 17:00:00,25913.0,0.0,15
2025-02-22 18:00:00,25913.0,0.0,2
2025-02-23 05:00:00,25913.0,0.0,18
2025-02-23 06:00:00,25913.0,0.0,16
2025-02-23 07:00:00,25913.0,0.0,17
2025-02-23 08:00:00,25913.0,0.0,8
2025-03-04 12:00:00,21074.0,0.0,1
2025-03-08 16:00:00,24096.5,0.0,2
2025-03-24 02:00:00,23516.75,0.0,16
2025-03-28 12:00:00,21074.0,0.0,1
2025-03-31 04:00:00,21545.0,0.0,1
2025-03-31 23:00:00,21545.0,0.0,1
2025-04-01 00:00:00,22125.0,0.0,1
2025-04-01 01:00:00,21829.0,0.0,2
2025-04-05 02:00:00,21545.0,0.0,2
2025-04-05 04:00:00,21545.0,0.0,1
2025-04-07 04:00:00,24028.5,0.0,2
2025-04-07 16:00:00,21545.0,0.0,1
2025-04-08 01:00:00,22484.0,10000000000000.0,1
2025-04-08 06:00:00,53096.0,0.0,1
2025-04-08 18:00:00,21729.0,0.0,2
2025-04-08 19:00:00,21545.0,0.0,1
2025-04-08 20:00:00,21545.0,0.0,1
